iterations,time,residual,fitness,cond_num
0,0.0,615.3398529592374,0.4421976633100513,0
1,0.0,814.8963100517353,0.2613007857025861,0
2,0.06835603713989258,227.17443168904293,0.7940675738407705,0
3,0.13998198509216309,205.08103158229682,0.8140951247066907,0
4,0.21066999435424805,90.69873321281034,0.9177820759087494,0
5,0.27981996536254883,68.91031574607597,0.9375331616173581,0
6,0.3513200283050537,9.290127773216437,0.9915785480899258,0
7,0.436769962310791,0.008592961583911552,0.9999922105255696,0
8,0.514876127243042,1.2941985831912269e-05,0.999999988268158,0
