iterations,time,residual,fitness,cond_num
0,0.0,661.0224356998781,0.44613173803581485,0
1,0.0,544.6352088883401,0.5436521663109695,0
2,0.0704648494720459,423.0317269726548,0.6455432755077738,0
3,0.14203357696533203,205.1102858930165,0.8281388476046803,0
4,0.21446442604064941,151.82302873307177,0.8727880439315314,0
5,0.2882957458496094,44.22816095642559,0.9629413869850406,0
6,0.3639998435974121,0.037662835649224735,0.9999684424488564,0
7,0.4476809501647949,0.0001437065430071765,0.9999998795888174,0
