iterations,time,residual,fitness,cond_num
0,0.0,629.3154969164485,0.5041451581400537,0
1,0.0,831.353760080485,0.3449537008793687,0
2,0.06260800361633301,397.63906801520574,0.6866893344369782,0
3,0.12558984756469727,261.2082499941657,0.7941868965121538,0
4,0.19411015510559082,178.9239993677451,0.8590209015252943,0
5,0.2561960220336914,177.05800536282956,0.8604911690886272,0
6,0.3229360580444336,153.82721950911395,0.8787953387812826,0
7,0.39305901527404785,0.149542053322977,0.9998821717380786,0
8,0.45836615562438965,0.0004975397621461421,0.9999996079748532,0
