iterations,time,residual,fitness,cond_num
0,0.0,153862.9388675386,-0.05323703653990841,6.788415898833152
1,0.0,153862.9388675386,-0.05323703653990841,6.788415898833152
2,9.779392957687378,56102.20430995377,0.6159639231794336,78.53786877672033
3,20.504308938980103,34800.848894830444,0.761777961419159,56.63919205659782
4,32.66348886489868,22959.9001919367,0.8428327353201925,128.07529239776832
5,41.040743827819824,22331.117878656936,0.8471369350523816,164.49900030535423
6,49.25957179069519,22026.545220639757,0.8492218244097678,191.30278377913373
