iterations,time,residual,fitness,cond_num
0,0.0,642.556673202635,0.5337276218610105,0
1,0.0,907.2168698410136,0.3416764854682629,0
2,0.023095130920410156,368.51140033417033,0.732589055298853,0
3,0.04662919044494629,202.42251033277734,0.8531117499546012,0
4,0.06731104850769043,106.8530647267592,0.9224618859636783,0
5,0.08736896514892578,117.5559296491272,0.9146953332401973,0
6,0.10695815086364746,16.62598267880483,0.9879353264764877,0
7,0.12602829933166504,0.0009566006445375062,0.9999993058410627,0
