iterations,time,residual,fitness,cond_num
0,0.0,654.7373686848521,0.48974407969008416,0
1,0.0,750.8706914743412,0.41482457846941734,0
2,0.03959083557128906,418.0508405821077,0.674200791645616,0
3,0.08084249496459961,126.82119131180485,0.9011645481338753,0
4,0.11893630027770996,92.88835066453875,0.9276094001635973,0
5,0.15420937538146973,21.65461315422444,0.9831239286278122,0
6,0.19504427909851074,0.05246837065002068,0.999959109869035,0
7,0.23623943328857422,0.0015829498818287463,0.9999987663610062,0
8,0.27435851097106934,2.8882126272145865e-05,0.999999977491317,0
