iterations,time,residual,fitness,cond_num
0,0.0,564.497133026666,0.5908932305809232,0
1,0.0,1107.3186884942443,0.19749535495718862,0
2,0.02189493179321289,111.33182081657955,0.9193147336221054,0
3,0.04317283630371094,115.44681940083768,0.9163324797212864,0
4,0.06711602210998535,88.98947241126791,0.9355068547907717,0
5,0.08828401565551758,0.47700447867023377,0.9996543015901234,0
6,0.11075711250305176,0.0007731359036389697,0.9999994396869119,0
