iterations,time,residual,fitness,cond_num
0,0.0,923.6387260279763,0.6335502602640053,0
1,0.0,669.6525033946667,0.7343182148307843,0
2,0.01024317741394043,354.8849348886647,0.859200910094541,0
3,0.019354820251464844,132.07748199619482,0.9475988202545059,0
4,0.028932809829711914,109.23609383167111,0.9566610439489301,0
5,0.03892064094543457,53.710369633847485,0.9786906390791031,0
6,0.04941153526306152,0.5607603388406913,0.9997775207184024,0
7,0.05929136276245117,3.484498518165415e-09,0.9999999999986176,0
