iterations,time,residual,fitness,cond_num
0,0.0,656.2178637257327,0.4340910936343254,0
1,0.0,861.4475983193624,0.2571051548514396,0
2,0.06952500343322754,204.6595304719489,0.8235057936260333,0
3,0.1313619613647461,136.60548368223465,0.8821942160561516,0
4,0.19415020942687988,134.93089752642675,0.8836383450145862,0
5,0.2910733222961426,0.38687462150366797,0.9996663672142164,0
6,0.3622012138366699,0.0005774562866198069,0.9999995020134719,0
