iterations,time,residual,fitness,cond_num
0,0.0,602.1293927609786,0.572667512706522,0
1,0.0,574.9548966169169,0.5919533093605289,0
2,0.0480499267578125,202.9586468052508,0.8559598245830278,0
3,0.10085368156433105,112.66278755243893,0.9200429844332282,0
4,0.13871049880981445,83.80639131542377,0.9405224290950251,0
5,0.16471648216247559,1.0605849419314446,0.9992473006522014,0
6,0.19050335884094238,0.0004663806122160278,0.9999996690087057,0
