iterations,time,residual,fitness,cond_num
0,0.0,676.0490044689149,0.4355587341546425,0
1,0.0,687.0274861546709,0.4263926706610114,0
2,0.06214714050292969,247.53522693842638,0.7933299274004514,0
3,0.12098121643066406,143.0589865186147,0.8805583694268517,0
4,0.18265128135681152,150.73561733777188,0.8741490600597054,0
5,0.2506422996520996,95.04969381344144,0.9206418926148432,0
6,0.3102574348449707,5.2129138341009655,0.9956476769231039,0
7,0.3703622817993164,0.0024781074563470684,0.999997930998936,0
8,0.4307384490966797,1.1441341909810759e-05,0.9999999904474891,0
