iterations,time,residual,fitness,cond_num
0,0.0,971.6226370766817,0.6165563762516306,0
1,0.0,629.842104077192,0.7514375133299864,0
2,0.0097198486328125,471.45411295892245,0.8139441521783161,0
3,0.020101547241210938,314.4048694183157,0.8759224642844778,0
4,0.029100894927978516,193.79788771571626,0.9235191096781443,0
5,0.038223981857299805,199.33353276088565,0.9213345086664895,0
6,0.04691123962402344,183.44584697389075,0.927604465312899,0
7,0.05616927146911621,4.166222764140048,0.9983558312733107,0
8,0.06507635116577148,1.1842215661110858e-05,0.9999999953265579,0
