iterations,time,residual,fitness,cond_num
0,0.0,571.2817083436593,0.5587962811988123,0
1,0.0,825.8761024092654,0.3621717581183208,0
2,0.02943897247314453,299.03163997674477,0.7690563697908708,0
3,0.05568957328796387,217.976829005396,0.8316554054417262,0
4,0.07740187644958496,99.24940981056862,0.9233491847232326,0
5,0.09931468963623047,39.13429985029946,0.9697763846199566,0
6,0.12050032615661621,0.12168736731314317,0.9999060202379919,0
7,0.14089226722717285,0.0007476490337687054,0.9999994225869142,0
