iterations,time,residual,fitness,cond_num
0,0.0,635.1632691994122,0.5027237416977732,0
1,0.0,956.8952178264384,0.25083628638067035,0
2,0.0653688907623291,334.20465123082033,0.7383475296347995,0
3,0.1289360523223877,233.12275284299238,0.8174856515160317,0
4,0.19391703605651855,73.34361523627055,0.9425784828505247,0
5,0.2580687999725342,87.01037610727784,0.9318786265480469,0
6,0.3197135925292969,0.12292560002889855,0.9999037602056099,0
7,0.38899755477905273,1.9846756128878185e-05,0.999999984461758,0
