iterations,time,residual,fitness,cond_num
0,0.0,564.3385166201124,0.5660678167401969,0
1,0.0,546.6289980101566,0.5796850515178672,0
2,0.02298879623413086,234.9238954521544,0.8193618974228667,0
3,0.04189658164978027,144.80313079841397,0.8886577172394062,0
4,0.06209850311279297,130.41713190336748,0.8997194252835212,0
5,0.08740472793579102,58.41637783373029,0.9550823740981979,0
6,0.10964274406433105,0.4631285356876881,0.9996438903766051,0
7,0.13001179695129395,0.0010591302185034158,0.9999991856116949,0
