iterations,time,residual,fitness,cond_num
0,0.0,666.1596169875323,0.420245269675784,0
1,0.0,705.7078591512513,0.3858266710610727,0
2,0.06669282913208008,258.4175361558574,0.7751007638941112,0
3,0.13677692413330078,238.9807522224972,0.7920164806987614,0
4,0.20403790473937988,36.07774644525329,0.9686017530518294,0
5,0.27472496032714844,0.04358740253647013,0.9999620661442713,0
6,0.3439960479736328,0.00016935850470121324,0.9999998526083063,0
