iterations,time,residual,fitness,cond_num
0,0.0,923.8669558470788,0.6296318667976268,0
1,0.0,644.2557197988186,0.7417249456356404,0
2,0.011756181716918945,425.7887307264827,0.8293059662544332,0
3,0.023209333419799805,234.61775726504663,0.9059443134918596,0
4,0.03411126136779785,131.8627174390036,0.9471376823385818,0
5,0.045020103454589844,117.92447734171323,0.9527253699729193,0
6,0.05647921562194824,0.25434111851044244,0.999898037434218,0
7,0.06766533851623535,6.377396475199135e-12,0.9999999999999974,0
