iterations,time,residual,fitness,cond_num
0,0.0,630.0234737665195,0.5173166669286391,0
1,0.0,940.664934327975,0.27932322411681476,0
2,0.06537604331970215,387.4136359336487,0.7031886701747752,0
3,0.1286792755126953,124.49744081118503,0.9046180940999873,0
4,0.1935734748840332,106.53014252860669,0.9183834786966512,0
5,0.2595524787902832,106.77473126380647,0.9181960905899316,0
6,0.3256056308746338,0.2059151813813293,0.9998422410747889,0
7,0.3972175121307373,0.00023129021987537584,0.9999998228003576,0
