iterations,time,residual,fitness,cond_num
0,0.0,601.4180059356031,0.5503794968154023,0
1,0.0,894.9351687660655,0.3309458697163181,0
2,0.026027202606201172,252.03674760693167,0.8115771590447329,0
3,0.052941322326660156,196.74624719393228,0.8529123741059241,0
4,0.0764932632446289,108.67295950727456,0.9187560228427014,0
5,0.09992742538452148,20.23706257430345,0.9848707584943661,0
6,0.12386727333068848,0.028565577870869448,0.9999786443548925,0
7,0.14549636840820312,0.0003182664274565573,0.9999997620638061,0
