iterations,time,residual,fitness,cond_num
0,0.0,958.7613137466949,0.6392146741527793,0
1,0.0,876.8277418764148,0.6700465715199436,0
2,0.02395796775817871,324.4187811181704,0.877920047483684,0
3,0.044389963150024414,248.6609329940886,0.9064279978244425,0
4,0.06970715522766113,218.22859461435036,0.9178797960574357,0
5,0.09793591499328613,181.7592460713106,0.9316033428973876,0
6,0.11610698699951172,2.794407446215506,0.9989484544416035,0
7,0.12758398056030273,9.189727426301671e-08,0.9999999999654188,0
