iterations,time,residual,fitness,cond_num
0,0.0,567.4319628586852,0.5822348031498144,0
1,0.0,1061.8088490421737,0.21825555860016865,0
2,0.02436089515686035,432.52268718713464,0.6815601915609664,0
3,0.046222686767578125,384.458249280025,0.7169470761181866,0
4,0.07208490371704102,123.8009710559626,0.9088529719353882,0
5,0.09334588050842285,52.59982265177293,0.9612739910637087,0
6,0.11377310752868652,0.840270557563177,0.9993813605544544,0
7,0.133209228515625,0.002986257168736995,0.999997801402819,0
8,0.15354228019714355,4.042754329374482e-05,0.9999999702356904,0
