iterations,time,residual,fitness,cond_num
0,0.0,942.6164880205401,0.6353574095447672,0
1,0.0,657.839850839848,0.745520654090554,0
2,0.0101470947265625,731.3636014603958,0.7170786617989053,0
3,0.018568038940429688,291.9052865200867,0.8870791024801786,0
4,0.02682018280029297,477.43701871818513,0.8153078441793298,0
5,0.0360109806060791,118.86217085401226,0.9540192533886644,0
6,0.04588484764099121,6.722923012014468,0.9973992985549404,0
7,0.05448198318481445,2.0971926082201175e-06,0.9999999991887202,0
